time,value
1545948921,6.820000
1545948935,6.700000
1545948948,6.660000