time,value              
1545942261,120.120000
1545942384,122.030000